RC Kataria Nursery,+91 9891908221,"House No. 1, Mathura Road, Nizamuddin, Delhi - 110013 Get Directions"
City Nursery,+91 9891114999,"Plot No. 48, Greater Kailash, Delhi - 110048"
Rajesh Nursery,+91 9213672295,"Plot No. F/3, Gali No 1, Badkhal Road, Memorial Nagar, Badli, Delhi - 121009"
New Delhi Nursery,+91 9210774696,"Rajokri, Jamia Nagar, Delhi - 110044 Get Directions"
Eco Planners Pvt. Ltd.,45553919,"Office No. C-2, Tikona Park Gulmohar Avenue, Jamia Nagar, Delhi - 110025 Get Directions"
Gulmohar Farm & Nursery,+91 9891484872,"Office No. C-2, Tikona Park Gulmohar Avenue, Jamia Nagar, Delhi - 110025 Get Directions"
Green valley india,+91 9868431800,"No. B-1/221, Main Road, Janakpuri, Delhi - 110058 Get Directions"
HP Greens,+91 9810943383,"No. B-1/221, Main Road, Janakpuri, Delhi - 110058 Get Directions"
Deepak Nursery,+91 7838308762,",Main Street, Kavi Nagar, Nasirpur, Delhi - 110048 Get Directions"
Aarzoo Decorations,+91 8700089503,"IFFCO House ,No. 34, Nehru Place, Delhi - 110019"
IFFCO Kisan Urban Greens,+91 9891961837,"IFFCO House ,No. 34, Nehru Place, Delhi - 110019"
Grow Heaven Private Limited,+91 9013313188,"204, Sunrise Apartment, Pocket 6, Nasirpur, Nasirpur, Delhi - 110045 Get Directions"
Murli Gangwal,+91 7838474671,"No. 3/255, Kachi Kajuri, Gali No. 1,Shastri Park, Shahdara, Delhi - 110053"
Chand Nursery,+91 7524844270,"No. 3/255, Kachi Kajuri, Gali No. 1,Shastri Park, Shahdara, Delhi - 110053"
Gulmohar Nursery,+91 9891484872,"No. C-2, Gulmohar Avenue, Jamia Nagar, Delhi - 110025 Get Directions"
Pritam Nursery,+91 7210310625,"plot no 400 vikas nagar, Nilothi, Delhi - 110015 Get Directions"
Green Decor - Delhi Based Best Online Nursery to Buy Plants Online in India,+91 9953572573,"plot no 400 vikas nagar, Nilothi, Delhi - 110015 Get Directions"
plant Center,+91 9818112384,"plot no 400 vikas nagar, Nilothi, Delhi - 110015 Get Directions"
Sagar Kashyap,+91 9718184612,"H.no125 bamnoli village, Bijwasan, Delhi - 110077"
Bananatree.in,+91 9899134476,"UDAY VIHAR PART 2 NILOTHI EXTN, Nilothi, delhi - 110041"
Sk Green House,+91 9625691776,"UDAY VIHAR PART 2 NILOTHI EXTN, Nilothi, delhi - 110041"
Gola Nurseries,+91 9560867206,"F2/5A, Ratiya Marg Sangam Vihar,, Rajouri Garden, Delhi - 110062"
Realistic Plants,+91 9560308158,"Sagar Pur, Janakpuri, delhi - 110046"
SDR Sales,+91 9871879267,"C-710 new friends colony, New Friends Colony, delhi - 110025"
Utthaan,+91 7827615862,"C-710 new friends colony, New Friends Colony, delhi - 110025"
Mali Kaka Plants Nursery,+91 8851296520,"Block J, Kirti Nagar, Delhi - 110015 Get Directions"
VERDURE,+91 8810374478,"Block J, Kirti Nagar, Delhi - 110015 Get Directions"
Green Aura Group,+91 8595581928,"Johripur mangatram Road, Govind Vihar, New Mustafabad, Delhi, 110094, New Mustafabad, Delhi - 110094 Get Directions"
Ganga Fabricators,+91 9354825751,"Johripur mangatram Road, Govind Vihar, New Mustafabad, Delhi, 110094, New Mustafabad, Delhi - 110094 Get Directions"
Ferns N Petals Pvt. Ltd.,+91 9212428500,"No.6, Underhill Road, Timarpur, Delhi - 110054 Get Directions"
Green Care Nursery & Gardening Shop,+91 9013121717,"No. 34, Main Patel Road, Pillar No. 232,West Patel Nagar, Patel Nagar, Delhi - 110008"
Ruby Green Nursery,+91 9958190005,"Andheriya Mode Chowk, Vasant Kunj, Delhi - 110070 Get Directions"
Phool Paudhon KE Vikreta,+91 9818485069,"No. A129, Mangal Bazaar Chowk, Uttam Nagar, Delhi - 110059 Get Directions"
Nafees Gamle Wale,+91 9250710174,"Ground Floor, Sector 7, Gokul Garden, Palam Village, Delhi - 110045 Get Directions"
Rosi Agroteche,26256524,"D-44, 2n Floor, South Extension Part II, Delhi - 110049 Get Directions"
Abhi Nursery,+91 9990504144,"Main Noida Road, Kalindi Kunj Park,Shaheed Bhagat Singh Colony, Karawal Nagar, Delhi - 110025 Get Directions"
Gautam Nursery,+91 7531039103,"No. 16, D Block, Sarita Vihar, Delhi - 110076 Get Directions"
Plant Your Trees,+91 9455847725,"DSM-365, DLF Towers,15 Shivaji Marg, Najafgarh Road, Moti Nagar, Delhi - 110015 Get Directions"
Garden Hut,+91 9810164615,"99, Sri Aurobindo Marg, Malviya Nagar, Delhi - 110017"
Plantex,26891221,"C-1/1008, Vasant Kunj, Delhi - 110070"
